<?xml version="1.0" standalone="yes"?>
<Recordset>
  <xs:schema id="Recordset" xmlns="" xmlns:xs="http://www.w3.org/2001/XMLSchema" xmlns:msdata="urn:schemas-microsoft-com:xml-msdata">
    <xs:element name="Recordset" msdata:IsDataSet="true" msdata:MainDataTable="DTTRANS" msdata:UseCurrentLocale="true">
      <xs:complexType>
        <xs:choice minOccurs="0" maxOccurs="unbounded">
          <xs:element name="DTTRANS">
            <xs:complexType>
              <xs:sequence>
                <xs:element name="TID" type="xs:int" minOccurs="0" />
                <xs:element name="TXID" type="xs:int" minOccurs="0" />
                <xs:element name="TNAME" type="xs:string" minOccurs="0" />
                <xs:element name="NOTES" type="xs:string" minOccurs="0" />
                <xs:element name="SHOW_RESULTS" type="xs:boolean" minOccurs="0" />
              </xs:sequence>
            </xs:complexType>
          </xs:element>
        </xs:choice>
      </xs:complexType>
    </xs:element>
  </xs:schema>
  <DTTRANS>
    <TID>12</TID>
    <TXID>10</TXID>
    <TNAME>Issue Material By Lot - WO Range</TNAME>
    <NOTES>ITI Engineering builds serialized finished goods on 1 work order per serial number. They do this
to have 1 to 1 traceability for labor and materials. When issuing material by Lot to these WOs
they would like to enter a range of WOs for the same finished good.</NOTES>
    <SHOW_RESULTS>true</SHOW_RESULTS>
  </DTTRANS>
</Recordset>